Title,Source,Published Date
Polls open in second round of Portugal presidential election - Al Jazeera,Al Jazeera English,08-02-2026
3 takeaways from BYU’s loss to No. 8 Houston - Deseret News,Deseret News,08-02-2026
Andrei Arlovksi bludgeons Ben Rothwell in bloody BKFC heavyweight title fight at Knucklemania 6 - Yahoo Sports,Yahoo Entertainment,08-02-2026
"Horoscope for Sunday, February 08, 2026 - Chicago Sun-Times",Suntimes.com,08-02-2026
"James Harden makes mark in Cavs’ debut, helping Cleveland rally from behind in 132-126 win - Cleveland.com",cleveland.com,08-02-2026
Pokemon Presents predictions for Pokemon Day 2026 - Nintendo Everything,Nintendoeverything.com,08-02-2026
El Grande Americano attacks El Grande Americano in AAA - Cageside Seats,Cageside Seats,08-02-2026
Quick hits: Illini win streak snapped in 85-82 overtime loss at No. 10 Michigan State - 247Sports,247Sports,08-02-2026
"Democrat Chasity Verret Martinez wins District 60 seat, replacing Chad Brown - The Advocate",The Advocate,08-02-2026
"Zelensky: Trump wants Russia-Ukraine peace deal by June, before midterms focus - Axios",Axios,08-02-2026
5 Handy Costco Gadgets To Upgrade Your Smart Home - SlashGear,SlashGear,08-02-2026
10 Mobile Apps You Should Be Using On Your Phone In 2026 - SlashGear,SlashGear,08-02-2026
"Nancy Pelosi set to endorse JFK's grandson for New York House seat, source says - NBC News",NBC News,08-02-2026
Amazon MGM Goes on Offense as ‘Melania’ Risks Getting Sacked at Super Bowl Box Office - The Hollywood Reporter,Hollywood Reporter,08-02-2026
"Housing affordability crisis: Higher earners drive home prices, not lack of supply, researchers say - Fortune",Fortune,08-02-2026
Trump aims to hold the first meeting of his new Board of Peace in Washington this month - Politico,Politico,07-02-2026
SpaceX launches return to flight Falcon 9 mission following brief stand down - Spaceflight Now,Spaceflight Now,07-02-2026
"Teachers, others shocked to get SFUSD ‘assignments’ for strike day - Mission Local",Mission Local,07-02-2026
How eggs get built: Cells use actin and microtubules as a coordinated scaffold - Phys.org,Phys.Org,07-02-2026
It feels like humanity has died in Sudan - The Times,Thetimes.com,07-02-2026
Get Ready for Double Whammy of US Jobs and Inflation - Bloomberg.com,Bloomberg,07-02-2026
France investigates ex-minister Jack Lang over Epstein links - BBC,BBC News,07-02-2026
Mecklenburg officials issue measles exposure warning for 2 Charlotte locations - WCNC,WCNC.com,07-02-2026
"Andromeda Is Heading Straight for the Milky Way, and Scientists Finally Know Why - The Daily Galaxy",The Daily Galaxy --Great Discoveries Channel,07-02-2026
These Presidents Found Out How Trying to Control the Fed Chair Can Backfire - The Wall Street Journal,The Wall Street Journal,07-02-2026
TrumpRx claims to offer the lowest prices. But many drugs have cheaper generics - statnews.com,STAT,06-02-2026
Can apes play pretend? Scientists use an imaginary tea party to find out - PBS,PBS,06-02-2026
How well a cancer treatment works may depend on the time of day you get it - cnn.com,CNN,06-02-2026
Learning neuroimaging models from health system-scale data - Nature,Nature.com,06-02-2026
Honkai: Star Rail version 4.0 update ‘No Aha At Full Moon’ launches February 13 - Gematsu,Gematsu,06-02-2026
How prediction market traders reinvented the bond - Financial Times,Financial Times,06-02-2026
